,id,name,lat,lng
0,4d2abc7f915fa0936256110a,rcbc savings bank,14.735477240811171,121.06694144242579
1,4c5bb6b27f661b8dbfba461c,bpi bank of the philippine islands,14.734471811794858,121.06069422972533
2,4de22548d164df8574f3c892,bank of the philippine islands (bpi),14.735996940072571,121.05714797973633
3,4f93dee2e4b0b2dfd0d5b73c,east west bank atm,14.73408775789523,121.05794191360474
4,50ee4db3e4b072f661e6ebdc,ps bank lagro,14.73490656383306,121.06757958028844
5,5f55acd7e7296b72285692c1,bank of the philippine islands,14.735628,121.06865
6,51be5e08498ef4beef09beda,security bank lagro branch,14.735149770626412,121.06661677449362
7,51527265e4b0f32de62a27ba,eastwest bank,14.735389,121.066187
8,5170a498e4b002b074a0d70e,east west bank lagro,14.736549096324945,121.06967869409067
9,50245902e4b069d5af6fcb11,"security bank, lagro branch",14.730496785319367,121.06604580462376
10,4f59a5a0e4b081a30edeefdc,united coconut planters bank (ucpb),14.735345743162089,121.07375366899116
11,4de897b87d8b02ee9f195a51,bpi family savings bank,14.735287276255066,121.06192482902111
12,50763f22e4b0243c729bfe57,philippine national bank,14.737150468978795,121.06157311349544
13,530fe15b498ef91d284b8b0e,bpi bank of the philippine islands,14.736457,121.059749
14,51d296d3498e384b7613f358,china bank,14.734439834759195,121.0579791660544
15,57172e7f498e8226a09635a8,robinsons bank,14.73259,121.057022
16,576a4595498eab09a09f5935,china bank,14.725242,121.06106
17,50def245e4b08db5944ef054,robinsons bank,14.736986687041348,121.05385327160052
18,5090c144e4b03a2b6b447708,asia united bank,14.73176874863205,121.05266082256979
19,53b7e08f498e874bf3577e6e,china bank savings,14.7337603,121.0524789
20,5081212ae4b08a31a72ad0d2,robinsons bank,14.748046901877307,121.07510263434833
21,4d40e1d6de17a0930b62fc6b,chinabank,14.734704728214147,121.05756934339733
22,5316dc10498eaae9383c6608,chinabank savings novaliches branch,14.733511924743652,121.0744400024414
23,50db96e0e4b03fcf353c9abc,chinabank,14.73349300763123,121.0560701876965
26,4f20cde5e4b03e0108f5f305,philippine business bank,14.721720996313103,121.01600265526335
27,52b1aa67498ecf2e4a0091ac,eastwest bank,14.7194039,121.0101716
28,4fbac781e4b0389cf7d7c567,metrobank novaliches branch,14.751037,121.003248
29,4f6abeece4b0e15b86ac0f6d,eastwest bank,14.703099,120.961941
30,50a9cbffe4b05407c3740105,meycuayan second rural bank,14.723628997802734,120.95958709716797
31,4f274a62e4b08318796b7fd9,china bank,14.71719840822714,120.95729624807157
32,525e529b498e9fa9e3ca177f,bank of makati inc meycauyan,14.713202043808025,120.96375942448594
33,5bb04819840fc2002c2db142,bank of the philippine islands,14.726936,120.96025
34,50445aede4b053a532d1d072,bank of the philippine islands,14.727940707641748,120.96131110899194
35,4d80639d70d18cfa46eb9b94,bpi family savings bank,14.729106483752355,120.9613719736708
36,4ef9372bb63446a50a498a33,unionbank,14.73651284,120.96131573
37,534cd056498eb5ea09ee12cf,philippine national bank,14.729866770257116,120.97273429189643
38,4cf4751c1d18a143bf3a66ec,security bank,14.733317965550803,120.96138394288761
39,516b5538e4b0169e1f8d5a78,bank of the philippine islands,14.72900134019781,120.95218971940375
40,4e70036bb99302402c0e2fb9,ps bank meycauayan,14.73631774573946,120.97112648363441
41,525e527111d226d9bcb02ec2,bank of makati inc meycauyan,14.734136581420898,120.96078491210938
42,4fdedf9fe4b044d93c2b5525,security bank malinta valenzuela,14.706088998306734,120.96383225691461
43,517f75dce4b05ec081572cbf,malayan bank,14.734693,120.961418
44,50724f3fe4b03e8cff70d9d9,philippine business bank ( meycauayan barnch ),14.734902934563692,120.9614455715345
45,4cc697f806c25481b5fea247,allied bank meycauayan,14.734921908672591,120.96142316112106
46,4e4dfaaa7d8bd425e47b834c,bank of the philippine islands,14.728921665753708,120.97670610326882
47,5ab32f4475dcb754c967b15b,east west bank,14.704946,120.960884
48,4ef913b993ad7cf2ebd9cb10,landbank of the philippines,14.726883257619704,120.96058276763509
49,521c04c311d25077eaa74d61,robinsonsbank,14.736865880562581,120.96095814411005
50,4e7168498877dff6bccca79c,bank of the philippine islands (bpi),14.699510036616646,121.06758028552503
51,509c82cae4b0df8f7dd13b6d,eastwest bank,14.706015360419691,121.07244946816303
52,51427afee4b0ed427349d83e,eastwest bank,14.705674501952645,121.05364613341477
53,4d2fe6d710e9b1f74e28b6f1,bpi family savings bank,14.684697094243367,121.0771813413733
54,50dd3814e4b011b963b5c2ca,asia united bank fairview,14.706152672556934,121.07117883828852
55,552b2326498efdd96cb8c7e2,security bank - regalado,14.701236688394943,121.06789864794925
56,5a702368270ee75b36c25931,robinsons bank,14.695623,121.0672
57,52bfc29d498e4115ba1d2b0c,rcbc savings bank,14.699977032387308,121.06668394724119
58,52d8a4f111d26ed0d526244c,philippine national bank,14.700758,121.067924
59,4d64bcfa36a96dcbbb3e53f4,china bank (fairview),14.695064,121.049785
60,509b9379e4b02b9bb32d62bf,security bank mayon,14.691649436950684,121.07614135742188
61,5292c9ae11d2bb1119616d43,philtrust bank lavezares,14.68389150284309,121.07520338633952
62,568c98cd498ea5890f38aab0,china bank,14.686749,121.07745
63,50dd2964e4b09888b1adde3b,bpi bank of the philippine islands,14.705691909004578,121.07333584954176
64,505bee86e4b0e4ac144de622,bpi bank of the philippine islands,14.690088879316175,121.03043880314752
65,52e065a111d29aa8be3e0cd8,philippine national bank (pnb),14.682535675574634,121.03193943630565
66,5a0eabe9bb2a474024e2c577,security bank,14.687696,121.00004
67,50c9ad82e4b0646700d7891f,china bank,14.684892511508039,121.01862906502657
68,5160eaeb498e09c182257373,east west bank,14.687232650614817,121.02422329548665
69,50f4c730e4b046fbc4436506,eastwest bank novaliches - talipapa,14.688948396667692,121.02632316495216
70,4f94f147e4b0aed820b0c142,china bank,14.68913586928766,121.02686632524177
71,506bb1dde4b0befefa2b4203,china bank sangandaan,14.679738473047669,121.01869284230386
72,5b7baaefb04056002c8587c1,asia united bank,14.688371,121.03036
73,4f8b8d87e4b0abaa04a31e43,bpi,14.690031548577588,121.02791344178935
75,4f716395e4b070bfaad8df95,robinsons bank,14.69251127475939,120.96641497866642
76,4ef15ee86da1e3d67eda82d8,union bank,14.68047369808071,120.97921373807813
78,4c7c8b21aa3ba0935f2cab74,export bank,14.676140280366766,120.98041534423828
79,4bc2b69f4cdfc9b62b7e9621,bank of the philippine islands,14.688730020091402,120.97366423399546
80,51e8c005498e075e2fd36ac8,bank of the philippine islands (bpi),14.693107704236896,120.97090799933565
81,4f014f21d5fb3b79af79bff0,equicom savings bank,14.688449178911215,120.97434282302856
82,4e78069a62e1b76aa37887b2,bank of the philippine islands (bpi),14.688572577874186,120.97470009758037
83,516ce41de4b0aad4955890a8,china bank karuhatan,14.689608642459119,120.97495269621619
84,503c0caee4b0c1fd76435163,development bank of the philippines (dbp),14.688122304941547,120.97518797914509
85,52a5759011d2a37721bb09ea,bank of the philippine islands,14.694001,120.969
86,509c8de864a4c634133ce388,land bank valenzuela,14.694364676155525,120.96977233886719
87,4ec5b7c82c5b532d049ac974,philtrust bank,14.694468968916803,120.9701517044971
88,56e0f41e498e5a068d2a52bb,asia united bank(karuhatan),14.685938,120.976254
89,4f137b79e4b0960d00e2b27f,asia united bank - valenzuela branch,14.685842,120.97625
90,4cf7267e9d11b1f7edc5c4ed,philippine business bank,14.685844239815722,120.97635878503372
91,5682516f498ead7675182795,security bank,14.685192199782488,120.97653804618243
92,5969dfc78b98fd6fb9651d9d,city savings bank valenzuela,14.694638,120.964
93,55effbca498ed1c103df1557,china bank savings,14.696832119409098,120.96660545922502
94,513ecf6fe4b0bb77800a2699,sterling bank of asia,14.690431900243981,120.97927734767138
95,4dd21b817d8b4c6585e4ad45,bank of the philippine islands,14.699513585425452,120.96293361372062
96,4fbb3cc6e4b0450d1d2b29af,bpi family savings bank,14.69781397601009,120.96500317227637
97,4fab1cd0e4b07960eafce452,bank of the philippine islands,14.688349216315688,120.95663284044453
98,53c4dbec498eab829419ff52,bank of the philippine islands,14.68635780593082,120.98112592108983
99,4d1187e7396ba0932ba1ceb2,rcbc savings bank,14.681895811003013,120.97848749407727
100,4f6bfcb0e4b05c9c29797afe,bank of commerce,14.698046811122543,120.96261650988902
101,527a6ffa11d29543273eff1e,bank of the philippine islands,14.701909297247546,120.97101151943207
102,4bbacc9e53649c74c67449fb,east west bank valenzuela,14.680168027280654,120.97926392452908
103,51ad778b498e0d94b1ff6f93,china bank fatima,14.67961185079413,120.97983752440894
104,52803dcf498e66589a9a6d88,security bank savings,14.679305,120.979585
107,573d4a53498eb4561487f04f,china bank savings,14.676045,120.980944
108,4cd0b35701eaf04d2184ba5d,development bank of the philippines (dbp),14.65441982054854,121.05349631120532
109,4fa8992fe4b07584ab63120b,bank of commerce,14.65328235083635,121.0522465417381
110,4c292b579fb5d13acbbf9a57,bank of the philippine islands (bpi),14.656985005978315,121.05627566886274
111,4d3cc03514aa8cfa2ddaac5e,bank of the philippine islands (bpi),14.660809699617067,121.04453909757056
112,4d15820281cea35d561cdbec,bank of the philippine islands (bpi),14.64502963385887,121.05363106612836
113,4dbbd97843a1d8504b7af362,philippine national bank (pnb),14.648792335918163,121.05135734178185
114,4f14f4e4e4b0fd2951ed8b16,bank of commerce,14.661060273058574,121.044444425657
115,5191acce498ef161c2a456c3,eastwest bank,14.658390448396124,121.04506358127567
116,53d9d5dc498e346fa1c3a816,security bank,14.644766522004945,121.05105967524692
117,52a6a58111d23b3c548193cc,security bank corporation,14.647561073303223,121.05034637451172
118,4cbc001e86dd95211ad6ace6,land bank of the philippines,14.652983886720428,121.04367302470925
119,560a86ec498e8ff36a9936e8,robinsons bank,14.65960693359375,121.04460906982422
120,5296a0b611d25523e1bcf868,security bank,14.66148145239353,121.04427975608408
121,585b4ac87d0f6d0aa289ffe3,eastwest bank,14.644959,121.053262
122,53b77d4b498e018010af4a5f,equicom savings bank,14.644533,121.049771
123,4d0b0357109d6dcb91c88c8d,bank of the philippine islands (bpi),14.644757918878481,121.04874874708445
124,4f4daa11e4b0ed3693a64a9c,development bank of the philippines,14.644141657732254,121.04855714010829
125,55b1c784498e1a639e70d521,eastwest bank,14.66412085899878,121.04379266214613
126,5099bec7e4b0d11ca716236e,philippine veterans bank (pvb),14.657929,121.066395
127,4e40af5be4cd4324642f9bd7,philippine national bank (pnb),14.64045405453264,121.04730695486069
128,59db01bf8c35dc1a5a9e8525,philippine national bank (pnb),14.639265,121.053582
129,4d5c93396f6d6ea8b2cc66ec,bpi family saving bank,14.639586292008106,121.04655843375456
130,4b7a97f6f964a520bd322fe3,eastwest bank,14.665480130840892,121.06506186754682
131,5338a9b0498e51cb09810201,bpi family savings bank,14.654850774219264,121.03459349552018
132,53d5c230498e4d8e39c119e8,philippine national bank (pnb),14.6634,121.068
133,4f8496d0e4b0863ad25c19f2,bank of america,14.65704859141272,121.05370211674334
134,56739d65498ea77d7de24ab2,asia united bank,14.661041195656628,121.04442135278431
135,56f5ecf2498e6e69b69e4fc6,bpi bank of the philippine islands,14.659902062255291,121.04649124977158
136,512d76fbe4b0837620dc9784,philippine national bank (pnb),14.653755526657209,121.04406140387263
137,4d2697cf6e27a143a8060724,philippines national bank nfa branch,14.653876856588708,121.0432831709777
138,52673a43498ee28e4ac51650,philippine national bank (pnb),14.64842890327714,121.01767146807921
139,4feab1b4e4b0c90a3d2b78fc,asia united bank,14.657476180407148,121.01925065898288
140,508deabfe4b0b69fe95f1852,philippine national bank (pnb),14.649610059000302,121.00591648746197
141,53fd68dd498ea719e0bea1e2,asia united bank,14.646101,121.017427
142,4ee9641fb634ea5579462366,bpi family bank - monumento,14.669969444647808,120.99880358146143
143,513ed48ae4b07faab8eb7740,allied bank,14.664844,121.026532
144,4d353b5762a22d434a5f049b,asia united bank edsa-caloocan,14.656949263196841,120.99206168701109
145,51beab0f498edfddfd08b794,east west bank - samson rd.,14.657686,121.010339
146,50346d0be4b0ec35e6d0de94,ps bank balintawak,14.65767549565949,121.01354419440678
147,4dd328c252b1f20e680a6430,bank of the philippine islands,14.656938676624469,121.00627183914185
148,52bbb0f4498e8a8265f12a57,bank of the philippine islands,14.657461909293799,121.00603969947277
149,5084b734e4b0f51bc7a3a294,east west bank,14.657933023026102,121.01740266757197
150,51e3a7d9498e2d933d589458,bpi family savings bank,14.65788322732108,121.02087378501894
151,504c2d52e4b09586583d7ff7,eastwest bank edsa-munoz,14.657740528487164,121.01802986782536
152,5602287d498ea3ec747b9f2e,bank of the philippine  islands un/romualdez,14.657442324626718,121.00171040221569
153,5a4f0f0ec0af570ec914353c,union bank baesa,14.666721,121.00728
154,59d5e87d9fca561e219b030a,china savings bank,14.656035,121.019174
155,535dd1de498e976f900a2cdf,ps bank - roosevelt avenue,14.65652847290039,121.01937103271484
156,5125bac3e4b077675a00cf0c,philippine business bank,14.654781460977137,121.0187634639908
157,4ca589e58a65bfb796b62b22,bpi family bank,14.653930278580663,121.01853021349729
158,50457645fe70794038e9e21b,china bank,14.651883704234482,121.01803064346313
159,4c020b7dcbeec928f8465afe,bpi family bank,14.665977551565147,121.0219329962223
160,4d916a51cbc1224b943d19d5,bank of the philippine islands,14.657125511151317,121.02094888687132
161,5636dc71498ef882f6c98fb6,security bank,14.65397727486452,121.02017464408861
162,4ee9901a4901326b60de6071,bank of commerce - roosevelt branch,14.650081822979224,121.01717306666524
163,580d70b438fa07cca737a028,china bank damar,14.645319,121.001839
164,580d722038fa4b2cee5f0ac1,china bank damar village,14.645282,121.001853
165,502b1c5ee4b0190fdc37b893,union bank,14.665662495134981,121.00041102275947
166,50b1c2b2e4b0848ab7d71ec5,east west bank,14.653667930536855,121.02141781289795
167,4db7bfeb815445bd47c52479,bank of the philippine islands,14.657381962494938,120.99688716264761
169,4e1d04d2c65b6cd0da976beb,"bpi family bank, shorthorn",14.665788604748533,121.02174201244695
170,4e03f3e818381783e72fc0e6,rcbc savings bank - caloocan branch,14.654561175485425,120.96995009877647
171,4f87abede4b057e27ee695d3,eastwest bank,14.648969322701832,120.98309770168757
172,4d991fc2b188721eca9a3837,philtrust bank,14.646556589906647,120.98352342283637
173,4d6af7de9f4b6dcb7bd36a28,security bank,14.645138831334059,120.98363420966363
174,4ca6be8fb7106dcb8e8261a5,philippine business bank,14.648427705883822,120.98375393843318
175,4de59e7b81dc72b6d6e763bf,asia united bank north bay virgo drive branch,14.63844127001773,120.95955848693848
176,50bec5d1e4b0a70add99d8e7,bank of the philippine islands,14.657175268839996,120.9807562086595
177,513e7fc5e4b0a16a17f79de2,citysavings bank,14.656186,120.98391
178,4e1aa49fae6092c27666a992,bank of the philippine islands (bpi),14.657195128500854,120.98553885607635
179,50dd4f41e4b070babdba4a83,philippine veterans bank (pvb),14.629460760604006,120.97408998824204
180,5ac308ad6661167195ad786b,"security bank aston building, a mabini caloocan city",14.649029,120.973171
181,5056b6c4e4b0feb29b0b5e26,planters bank - a. mabini caloocan,14.650094379002816,120.97240937068881
182,4fcad561121d8d2a4afa4393,metro bank (c3 - a. mabini branch),14.642323571174778,120.97567319869995
183,4ef1b28929c2e7e6d1956dbd,bank of commerce,14.643379785572593,120.97512635746969
184,56c553a6cd106291319149ea,security bank maypajo,14.641716,120.975139
185,51300ce7e4b02d07ce8114f8,eastwest bank 8th avenue,14.647286,120.978042
186,51a4a11f498ea897360dcb33,ps bank - a. mabini,14.639033110016483,120.97323847825582
187,4fa477c0e4b01208f9fa5db8,philippine business bank head office (annex),14.641939033506308,120.97803934790797
188,50f8a18fe4b045bb82007576,bank of the philippine islands,14.639603059426792,120.97567534947561
189,4e6442e11495676d568795b3,bank of the philippine islands,14.64160026937295,120.97874517737516
190,4d0ebc2d62a5548189229c49,security bank,14.643950956835543,120.98048172445972
191,5021f4b7e4b08518d7342eaf,premiere bank - a. mabini,14.657241835731583,120.97132816109975
192,526b0e6b11d24f4dcd4f7a9e,"bank of makati.,inc - caloocan",14.648384039432866,120.98154044580816
193,4fcc2e20e4b07c4ac01de6b9,"philtrust bank samson rd, monumento",14.657692299420624,120.97311523289466
194,4f7fc5e5e4b0ac16a12339b1,robinsons bank malabon citisquare,14.646611094864772,120.95949559543368
195,4f05f1c60aafa1fe51a3ac53,bpi family savings bank,14.65495430160795,120.9616304572877
196,522d55c411d2de1100cf6232,bank of the philippine islands,14.648358919462606,120.95843133384078
197,4f66e92de4b0ea77cfabc9d5,asia united bank samson road,14.657574587294645,120.97680693740898
198,4db8c91b4df0ded98bc54ad4,bank of the philippine islands,14.647391085144143,120.98338338314974
199,537fe477498e7bf4143b99ae,asia united bank,14.647533,120.983456
202,511b5d4ee4b04b02d8fac0a6,china bank savings,14.651187395958337,120.98383150957777
203,5019e275e4b023c91d90bf87,philtrust bank samson road,14.657195,120.982461
204,4b49593bf964a5200b6e26e3,bank of the philippine islands (bpi),14.633973,121.0739768
205,4cf4a3c2899c6ea8d4d601c2,bpi family savings bank (bfsb),14.640283483938928,121.07444774431039
206,4c6a16d3f6b0ef3bf3607784,hsbc savings bank,14.637161097274475,121.0742179855553
207,4e9f84d3e5fa13c70e286ea6,rcbc savings bank,14.639938182646663,121.0745865589222
208,4f225683e4b02a95fc350ee0,security bank,14.63999242102514,121.07443654961327
209,552b233b498ea7c14eb6711c,eastwest bank,14.635109,121.069504
210,51a40540498ec0258b2281c9,robinsons bank,14.641553,121.074512
211,4e16b034483b3ee57ce00134,philippine national bank (pnb),14.643155449416527,121.07453170480159
212,5191e42b498e27c7471fb1fc,eastwest bank,14.632375,121.080087
213,4f668f8fe4b0e30d2296b190,rcbc savings bank,14.632404108420229,121.08337521075504
214,55274524498e6e675eebcbbe,eastwest bank,14.628716,121.067366
215,4dc35d83ae608779d107aee1,bpi family savings bank (bfsb),14.628252006387392,121.06656565472886
216,5278beca11d21a070775c825,the real bank,14.62853672730758,121.06305870551672
217,535f2491498e525f6b26a560,city savings bank,14.626710339865218,121.08363267015478
218,50f8d408e4b052edb1d68ab6,land bank of the philippines,14.622770076563144,121.07361373395814
219,4e6061f1d22d509a38b9f5cc,land bank of the philippines atm,14.622392,121.071849
220,4ce083617e2e236a5eaa8b1b,bpi family savings bank (bfsb),14.63388155451697,121.05914622545244
221,53ad108a498ebebb7bdb5678,security bank,14.6345796585083,121.05896759033203
222,4e5db94762e12101203510f3,east west bank,14.634155406362417,121.05892338069037
223,5805891038fa9b76418da4c3,bank of the philippine islands (bpi),14.651616566230977,121.07536609492811
224,5c18857cecb3ed00253c87a8,aub (asia united bank),14.634269,121.058153
225,4fa37c4de4b0fd4c3d898a87,sterling bank of asia,14.637514696567083,121.05736896805429
226,56b98937498eb9f70552aa82,rcbc commercial bank,14.636365,121.073199
227,4f5ef541e4b0f5c1d0e13d45,ps bank katipunan,14.63587256039676,121.07658591901411
228,50e502e3e4b067b0307bd1ae,unionbank,14.633289337158203,121.07950592041016
229,4f0f9e73e4b07e9ec89959cb,bank of the philippine islands (bpi),14.639124385414684,121.07446842722253
230,4fff905be4b090a9fbb2dafc,unionbank,14.643005120790585,121.07450931535227
231,4ffe67a8e4b097513c7f0870,security bank,14.640088618993168,121.0745037179893
232,4d9acb9c7668f04ded48c393,china bank xavierville,14.635068133847618,121.06990259739882
233,4cd2281101eaf04d18a3c25d,veterans memorial bank,14.631963694816132,121.07525825500488
234,5a3cc9b1c21cb1539efbc0d9,bank of the philippine islands,14.648713067636514,121.11486837246942
235,4da3cf60b521224b450b26ee,bpi family savings bank,14.649924385696753,121.111969172889
236,5153861ee4b0f03a436c0cb1,eastwest bank marikina heights,14.650877520348393,121.11157270184556
237,50506885e4b00991db7a5bcc,builder's savings bank,14.650105,121.108446
238,5743c023498e49547e52abb4,security bank,14.650881,121.105978
239,5066b36ee4b0f6898eb2775f,china bank,14.632683710763526,121.12021426612712
240,510b1a77e4b03a116467e453,malayan bank,14.649284609299027,121.10089797925193
241,4f46f6f6e4b00005b6c4f550,real bank,14.63271,121.11225
242,51e5fc77498ed9494c157d15,luzon development bank,14.64287281036377,121.12068939208984
243,50383822e4b0024b23b693d9,eastwest bank bayan bayanan branch,14.651024,121.111592
244,511d9f11e4b000e35e67e47a,eastwest bank concepcion,14.651033849420022,121.11153575248706
245,5119c792e4b08ffa573c90c1,ps bank,14.650512474256162,121.10820630385872
246,582572085496250a92809b8b,asia united bank â€“ concepcion marikina,14.650994,121.108142
247,4f7a5a89e4b02f1b2c6d7ae8,bank of commerce,14.65065097426326,121.10740050741067
248,511da168e4b098990d72e25d,china bank savings,14.650699,121.106352
249,4f39baa2e4b026b7f680c40a,united coconut planters bank - concepcion,14.65020647767649,121.10617501491333
250,4e5eec61d1640a5975d168d2,security bank concepcion marikina,14.650665711763551,121.10604001538111
251,4f4321b0e4b0f752a2045d5d,rcbc savings bank,14.650669676032544,121.10551469868585
252,5019d774e4b00e994a0eeff3,psbank (philipphine savings bank) concepcion,14.650844069263336,121.10525728628843
253,542b6852498e2651ca274aa7,bank of the philippine islands - antipolo branch,14.641113317216929,121.12751022073301
254,4edadebf9a5286d91ffb6d09,ps bank,14.650488703479308,121.10492712609889
255,4c31f4973ffc9521ab2c90f5,bank of the philippine islands (bpi),14.650856748996732,121.10498640161626
256,539a6c57498e08a9ddaf1ac7,bank of philippine islands,14.650878393509243,121.10488795449052
257,537b5427498ee27a2f7a6d77,bpi savings bank,14.650516153868741,121.13004467735975
258,5359ee85498e2eeb152c7787,ps bank - parang branch,14.660180410635821,121.11372922095345
259,576ba3a8498ea9b2e1db2726,philippine national bank,14.651022,121.104463
260,4dc5298bfa76d685cdd89317,premiere bank concepcion,14.650576112439627,121.1033770398165
261,590ac7b893bd631a3eea82f4,robinsons bank marikina,14.650604,121.103222
262,5056cfdfe4b0845916728446,pnb bank marikina,14.636304359161427,121.10417167139242
263,51c1649e498e7dee853d876e,maybank,14.650909,121.111499
265,4ca42757d695199c9d974ae7,rcbc savings bank,14.629051458782234,121.03402237378457
266,4e264a697d8b5ea72472d99c,bank of the philippine islands (bpi),14.630608966753538,121.03425754188557
267,4d7f09a5e7e1721ee135eb0b,philippine national bank (pnb),14.621735801718948,121.05180426738497
268,53f701d2498e83dc4cba9bcf,bank of the philippine islands (bpi),14.61590124940635,121.03780740465862
269,52ae7cbe11d275689f51e328,bpi family savings bank (bfsb),14.622965975052391,121.05150755076906
270,4fb355fce4b02d8458961ea4,eastwest bank,14.623939237186828,121.03144669314752
271,4cecb553b80da09300111e00,robinsons bank,14.62992237894975,121.0341791525695
272,57b1176b498eaeca60ddba9c,china bank savings,14.633487,121.039003
273,4f66846fe4b08ac726ebafd5,eastwest bank,14.632351352919892,121.03477826962038
274,4eb34859b8f786e27446dbe0,the real bank,14.633923185535698,121.03941850336787
275,505fb6a6e4b05df83e8a4bc0,eastwest bank,14.631298815272999,121.04748220972073
276,4e47ae04b0fb93df2719fc97,rcbc savings bank,14.634193462128763,121.03830835569367
277,4fc5daece4b035dd650230f3,eastwest bank,14.634435187806858,121.03705712691387
278,4c8de83b9c1ebfb7460c64d2,bank of the philippine islands (bpi),14.619821039421376,121.05093650918626
279,4dd4dbbfc65be32e5f8e2625,united coconut planters bank,14.634369,121.035279
280,4d9d42395c33a35d3400fea0,bank of the philippine islands (bpi),14.63623652156891,121.02887655701093
281,4d86de808de9721ef32c6351,bank of the philippine islands (bpi),14.622047132614254,121.05240114033221
282,516b6c0ce4b0ddf3bffe1242,security bank,14.621134796238438,121.05275039661625
283,4e4b252f7d8b6016b185b2c5,security bank,14.62058910920579,121.05286796245105
284,50dd197be4b096daa0907756,security bank,14.6224904,121.0532188
285,4e76dce652b1c8e51a132696,bpi family savings bank,14.622318,121.026652
286,515b92ade4b0acd91e128d2d,philippine national bank (pnb),14.61032,121.042264
287,4f5988e4e4b04b8b5c7e5732,union bank,14.63210851820628,121.05094770610607
288,53a79fde498e1892c2e6c179,eastwest bank,14.61232,121.03143
289,5360875c498e0bd73827cfda,philippine veterans bank,14.637747038831483,121.04321038634923
290,5236ba9511d2607f94d4f866,security bank,14.637584,121.035992
291,4c8893ccda5da1cde64635e9,security bank,14.637634648303939,121.03603560198042
292,51df52ee498e09996db6d3f6,aub (asia united bank),14.618988945003242,121.05454186354774
293,4fcd858fe4b056a498595e80,bpi family savings bank,14.61995,121.05485
294,4fdadec8e4b0d5ec9c96719a,china bank,14.620683928397675,121.05554395373356
295,5a8a3dacd4cc98775db0f9ab,china bank savings - hemady,14.624105,121.031772
297,4f62c740e4b03a7cdf647715,east west bank sta. mesa,14.61305,121.03249
298,51f1e45a498edb9252a07b44,security bank,14.61090895619011,120.99156859925586
299,4bd616fd4e32d13aa811c280,bpi family savings bank,14.610079703552017,120.99264621734619
300,4d94462faf67370462917709,bank of the philippine islands,14.613718425401187,120.98855041615384
301,4f607f5de4b07ca95a35c25c,bpi family savings bank (bustillos branch),14.602445790386172,120.99206553786325
302,4fff4504e4b026d5cbe7f99a,bpi family savings bank,14.619125036469145,120.99255974034106
303,5164da53e4b04967c0205059,bank of the philippine islands (bpi),14.61772,120.98542
304,4eb13bbfb8f74bbb23c136d3,bank of the philippine islands,14.618032353265972,120.98529744348718
305,565fae8c498ec10c399ac2fb,eastwest bank,14.615102767944336,120.9825210571289
306,4d68717e67a8f04d0cfb00be,china bank,14.619598214225753,120.98570802100937
307,5266020711d26cd2816ba127,philippine national bank (pnb),14.606214015446815,121.00186722293091
308,508643b0e4b0bca6e6c3a9ec,eastwest bank,14.609930691709975,120.97957175197732
309,511debc6e4b0c609b309bd23,bpi family savings bank,14.62116,120.98356
310,561d92a2498e6c09880117ab,philippine national bank,14.618623594089312,121.00216406158557
311,4dd5bf38c65bee535a89b08a,bank of commerce,14.603348,120.979067
312,573bf599cd10ba336b3e9890,eastwest bank,14.62210163470356,120.99957168102264
313,55d32abd498e9af2a2755424,china bank,14.624195,120.986515
314,53a96322498e580a193128ae,eastwest bank,14.616852707484137,120.97732791246516
315,55536339498e23b3f50d3667,eastwest bank,14.598884,120.979668
316,55aa1aa2498eac980ef9aa80,china bank,14.623259567610003,121.00270733044553
317,523a7eb111d22cafaf6c8f75,east west bank-ongpin store,14.601299923958678,120.97625795052127
318,4d5dd5d6865a224b04698b85,sterling bank of asia,14.601111699927012,120.97621873707712
319,4f66e706e4b0788a91710b25,bpi family savings bank,14.62780192671782,120.99376673162982
320,51b92cf4498e1276f6b95a30,china bank,14.609697942423368,120.99248002517899
321,575ea778498e201cf95251d8,eastwest bank,14.608455,120.992065
322,52491d1d498ee1e6699b270e,bank of the philippine islands,14.607587700029947,120.99046358707064
323,519cd14a498e6436d6f0a836,bank of the philippine islands,14.607037574803222,120.99202072833879
324,4c9465b9bc279c74be5c5b53,philippine national bank,14.605752379224366,120.98959538810738
325,571454b4cd10f0fafe062995,philippine savings bank,14.609115472953023,120.98617854469519
326,58874c2489151d4c9f2f8c65,security bank,14.613369,120.997025
327,50722ac8e4b0fee14b214553,bank of the philippine islands,14.60417563106796,120.99278031553399
328,59db33700a464d2a78c7ac04,china bank savings,14.617156,120.982609
329,59db33cd60255e76d6cc7689,china bank savings - tayuman,14.617194,120.982634
330,5271bfe011d25286ef41d999,asia united bank sales-branch,14.601200716989924,120.98274449227677
331,5642e95838fa12a921e9dd05,asia united bank. sta. cruz manila,14.599473267472607,120.97988794018848
332,55efa1e9498e81741fd14d9d,unionbank soler,14.604338012053512,120.97552409682382
333,4f87ab94e4b0e5ed72d85e89,bank of commerce,14.603370067943212,121.10596796699672
334,53914750498edf251caca6cd,land bank of the philippines,14.621604283117422,121.10228021573876
335,4e28f961aeb75df8cab230e3,robinsons savings bank,14.619488,121.099966
336,4f3c8909e4b030292a939f84,eastwest bank,14.622343491483136,121.1020081399631
337,51da861e498e5379be91a5dd,bank of the philippine islands (bpi),14.608553886413574,121.09233093261719
338,4f6bffd8e4b0600330f85ae1,development bank of the philippines,14.623482514730371,121.10211233361584
339,509a0936e4b05239c7e8fba3,philippine national bank (pnb),14.595397153016865,121.11113908662189
340,4e44d12452b18fcc799fbc73,eastwest bank,14.623235185308218,121.11467460029246
341,52d788f8498edaf4ff136eb3,security bank,14.625067115330015,121.1022578314693
342,51c10d29498e3b4dd74e33e6,philippine national bank (pnb),14.625126591518429,121.10216269827744
343,5383e155498e1f5b4257d96b,philippine national bank (pnb),14.625576288891939,121.10084201792456
344,4ef9706e9adf7bbf8a5abf9e,security bank,14.612550365717382,121.0883163374257
345,4ec4a9a74690b682a3e3c2a3,bank of the philippine islands (bpi),14.612547048397376,121.08830242401118
346,5151391ee4b06114ad4ae25a,union bank cainta branch,14.610194660170707,121.10369187774363
347,4dfff399d22d5ec6f276f948,rcbc savings bank,14.612125824501598,121.10071330677233
348,4e4f6ff362e14b77e39c2704,bank of makati imelda ave cainta rizal,14.611581107716914,121.1043731264469
349,519db974498ea05fad2321f1,security bank,14.609402117157563,121.10072449905194
350,4f504a34e4b0d16b2f892547,philippine national bank felix ave,14.611207118258344,121.10964441320351
351,5289aa0711d2890672480ee5,green bank,14.60823,121.103244
352,50b2be5ce4b0848ab85c88f0,union bank,14.611040514945797,121.10330429159181
353,4e6d5588483bf105210dbb23,green bank felix ave.,14.6090537,121.1029495
354,4e3f548245dd68e32752f6f2,union bank felix ave cainta,14.60498502965759,121.10493272204188
355,51482091e4b0f3527d7c99ab,"rcbc savings bank, brick road, sta. lucia east grand mall",14.615013,121.105297
356,4f542476e4b0336535eb54ac,ps bank imelda avenue,14.61115149216727,121.10019877166071
357,4e2547eb091a817e3dd68484,bpi family savings bank,14.618050642773396,121.10167239521823
358,522d2f5511d2310970515a07,ps bank cainta,14.602498,121.10633
359,4f3df346e4b0638153026ad2,ps bank,14.602398,121.106595
360,4f740307e4b0250b70eaec6b,china bank,14.619123864591742,121.10164226241956
361,4dba6c0a81548ee14d7acd99,bank of the philippine islands,14.618983236162133,121.10127091327088
362,50e6e66ce4b0410885a06326,citystate savings bank,14.619690895080566,121.10139465332031
363,5859efaae18e65727508ec6e,china bank savings,14.621259,121.101869
364,4d1bc4388860a09371ddb534,sterling bank of asia,14.601378421505007,121.04703628628917
365,58af89ce19b1ad5493718a6d,security bank,14.601094,121.053722
366,5d43a366600da300084a04b8,philippine national bank (pnb),14.603821,121.051364
367,56543783498e0883c07c348b,asia united bank,14.6044838280995,121.0530425416068
368,4cbbedffbac937040f23f57c,eastwest bank greenhills,14.60473585121253,121.05377489503161
369,4e7c04eeae60b06796eedf62,philippine national bank (pnb),14.601983292202581,121.04629642933129
370,4dd9dc271838b8561d23b11a,eastwest bank greenhills,14.602274477675214,121.04594729804884
371,5334c75711d27608426eab5d,security bank,14.602511747049094,121.04561785458324
372,4d9a6dcee5fd6ea817776df5,security bank,14.603098084036615,121.04517608073955
373,4f94b744e4b0c03d2b698d24,china bank,14.610108417340212,121.04823757579003
374,529efcf311d29101085ecc3d,asia united bank,14.604439314208108,121.03853528159114
375,4b91df56f964a520e5dc33e3,asian development bank (adb),14.587444354549254,121.0578015589171
376,4cb535677abcbfb7f3aaa51f,bpi family savings bank,14.605924099422761,121.0414508621837
377,4ef80e7b61af4546fed06975,eastwest bank,14.597430069363202,121.04057282140049
378,5251311511d2f9b8c4d6afa4,security bank,14.592144,121.058789
379,4bcd4565b6c49c744e3a9591,robinsons bank,14.59140852310851,121.05835703938989
380,58d483ad53f5bb3ed8ffcc87,robinsons bank corporation - trust & investment group (rbc-tig),14.591474521043962,121.05847835540771
382,5108d4d9e4b08c09c4157b95,eastwest bank,14.612628765488164,121.05986572194706
383,51c11df8498ecb98eff5ba89,asia united bank,14.614316004765584,121.05660201755508
384,55f00a2d498e6f3af152bf02,bpi family savings bank,14.59709584810352,121.03788019254958
385,5440948a498e93d3d022ae9b,philippine veterans bank (pvb),14.612406538408091,121.06169566512106
386,5216d17511d2fa503a59fe4e,philippine veterans bank (pvb),14.612509626382685,121.06174105233849
387,51c97dfe498ecbbe02f3bff9,sterling bank of asia,14.588800430297852,121.04292297363281
388,4fbdd358e4b0874e96e56aab,bank of the philippine islands (bpi),14.615633964538574,121.05794525146484
389,5109f9bde4b0ca178df50fc2,bpi family savings bank,14.588043212890625,121.04319763183594
390,4e9fb6a030f854cd9c06d36f,union bank,14.617108809559957,121.05482177784727
391,50cfd398e4b04c588fb103f9,china bank,14.58599,121.04791
392,4d78cc3ca56e3704f1bd7067,asia united bank head office,14.587530368445707,121.05983383304176
393,53c782d8498ea871c0aa5088,security bank,14.587946997980632,121.06059906358144
394,4cf879a401568cfa1c8020e7,china bank savings,14.602230979568981,121.04586979615279
395,587d76c8d8b0ed220f059f6a,china bank savings,14.588227,121.04389
396,5238016611d2d7c5b9a2d753,unionbank shaw-manda,14.584322929382324,121.05016326904297
397,506e8884e4b09a5d517274f3,asia united bank,14.570559815979545,121.08217186058366
398,4e083d59d1640223a4a19bff,eastwest bank,14.581262129267776,121.09030403410434
399,4e3b816d1f6e844231cb9900,ps bank caniogan,14.57515134374565,121.09034321048115
400,4d461c5bbbb1a1430ac65972,bank of the philippine islands (bpi),14.581763149239974,121.0872233061991
401,55c9b2fe498e35bfeb76b26b,bank of the philippine islands,14.568323,121.086461
402,4ff66d7fe4b0d48ad26f992c,security bank,14.567901984636883,121.08626320192685
403,56aeb110498e65c92232aa50,security bank pasig mercedez,14.570358,121.083969
404,4d7809c7a7e6b1f7ede82edf,asia united bank,14.57063250671676,121.08387333822454
405,4f13a78de4b000502e4d8a6d,eastwest bank,14.55826072289095,121.09398655756934
406,4f948d5de4b02d4704021723,security bank pasig c.raymundo branch,14.573387,121.083938
407,5141ba3be4b08899d3a3c21a,robinsons bank,14.575985684043312,121.08493674949784
408,4f503ec0e4b0b71c78caaa7e,security bank,14.573722548125987,121.08367184871065
409,4f1fb228e4b09603a449d1f5,bank of the philippine islands (bpi),14.5719092500904,121.08140506836624
410,50f9611fe4b070089fdd2a7e,security bank mabini st.,14.58107019039576,121.10232498426514
411,4eb3940e722e578a4e9e7248,bank of san mateo,14.559001,121.083967
412,512426cbe4b0a2268a6d08a5,mvsm bank pasig,14.559325218200684,121.08285522460938
413,53b75ee9498eb71c639d33ae,china bank savings,14.559543,121.082263
414,517dc711e4b076bc51d63858,bank one,14.557823651276427,121.08387893515065
415,4ecf0e555c5c9528f7aa16cf,security bank - valle verde branch,14.55377182321533,121.09684071525311
416,512c6139e4b00d6ff4086edf,finman rural bank,14.574526753679928,121.07930532584236
417,516e9c52498e78486b5c3f0b,philtrust bank,14.569611579354982,121.07800201897581
418,53bcf010498edb365a0bebca,rcbc savings bank,14.55533326537058,121.0853005459275
419,4d1c2954763fb1f711b38866,eastwest bank,14.565565131496612,121.07754304769507
420,4f4d8197e4b03af960d8fd15,philippine national bank,14.58587937994763,121.10062376849793
421,568b2fb0498e95f04cf94111,philippine national bank (pnb),14.585039780402582,121.08591619891055
422,506d21b7e4b04e903555b4c2,landbank,14.559341996900242,121.08123715700783
423,4e76d990ae60c32851bf769b,rizal commercial banking corporation,14.566130840708967,121.07725758906231
425,4c172a3096040f4796f673a5,eastwest bank,14.576575204164,121.05912117965082
426,4d2fd437236aa143da874eeb,eastwest bank,14.580526344583737,121.05950744654584
427,5143ba27e4b0352356eb155b,citysavings bank - ortigas branch,14.577203500924963,121.06305096726584
428,5d4229396020280008c418d1,bank of commerce,14.581302,121.058
429,51de4f01498e1933360c92db,planters bank,14.581967,121.059952
430,5003a3ece4b0ed544a39ac9b,bank of philippine islands (bpi),14.579910379027144,121.05572104454042
431,4da29c689aa4721e1009131a,bank of commerce,14.581826318030583,121.0578336145189
432,58d0e2f2117420278e0bd4b8,bank of the philippine islands,14.580387593303167,121.06494745132652
433,50d42d05e4b023d64ffea20d,bank of the philippine islands,14.581064961120887,121.05475881797781
434,4f6a91bfe4b0393163c9e910,bank of the philippine islands,14.582654159705264,121.06319904327393
436,4e0d214b45ddc2c6d16b585c,eastwest bank,14.583256817726273,121.06227285712774
437,4fcd94bae4b00c762cd1954f,amrg - rcbc savings bank,14.583526593526901,121.06162349517295
438,4cec828513aea14366a3619f,security bank,14.583403912715529,121.06258074303612
439,4e5ed5c3b9935b74e9043737,asia united bank,14.58453237205121,121.06227285712774
440,4d6739f1a88a6ea84a4ee172,eastwest bank pioneer branch,14.572341177227733,121.05437906762685
441,4c917e9b51d9b1f767588146,bpi family savings bank,14.571658249953073,121.06436086792421
442,53604692498e9618f61ffd0c,bank of the philippine islands,14.58463191986084,121.0626449584961
443,56665abe498e75c9fb4eabd4,rcbc savings bank,14.584604646873089,121.05620454493528
444,4c7dfa5bb7fbef3b64eb3814,bpi family savings bank,14.585174610607273,121.06158990739029
445,507e62e0e4b06a5eeb3fa4d7,philippine national bank (pnb),14.585392041714439,121.05992170238211
446,5c09e49bdd8442002c6639e1,philippine national bank,14.577428,121.05152
447,4e0d6f1422711665f60b0155,security bank,14.585303416996206,121.06181382576433
448,4e6f211a62e1d475e20c9c0a,sterling bank of asia,14.585663031010036,121.06144995819483
449,4bb037baf964a520ce3c3ce3,bank of the philippine islands,14.58600271989288,121.05908989906311
450,4cc682911e596dcbfbe7de67,bank of the philippine islands,14.56927023518375,121.05819440620989
451,53ad22ec498e6360c1714834,eastwest bank,14.5857442,121.0621279
452,5281ee0611d2fe44d29c49dd,security bank meralco avenue,14.58547270164852,121.0634708087743
453,4c6cba441fb2a1436572fce6,chinatrust bank,14.586226314332361,121.06167947478994
455,51959e01498ef1d811ddd50b,security bank shaw blvd cor. j. tiosejo,14.57570759698362,121.05999447690873
456,51e3afc6498e5597092f7be5,china bank savings,14.580188610780308,121.06079499379562
457,4dad3ad74b2271d46ba1de23,security bank - san miguel ave.,14.580506867930486,121.05881888301319
458,4e44ab6e2271bdbcf677b0ec,export bank san miguel ave.,14.581011307531927,121.05955223102934
459,4e0bb9ba88776dc7d9e76e9b,bpi savings bank - shaw,14.579614153684085,121.05559547272843
460,55d69435498e88982ced5837,unionbank shaw blvd.,14.574911719890281,121.06424891116067
461,4ed6ef7577c86e4f2af689d3,eastwest bank shaw bvld san antonio pasig,14.578266762826528,121.05160272410286
463,50c7f6c5e4b0e3ea3437f67e,union bank special line,14.579421997070312,121.04705047607422
464,517495a5e4b0936910060b2c,china bank sm supercenter,14.580247576689752,121.07448132853479
465,51749524e4b0d23a23a423ba,china bank sm hypermarket,14.580283509059763,121.07685458748425
466,5462ba94498e931a13d62545,security bank,14.569280507509655,121.02448088143957
467,50625caee4b04593eef297d2,philippine national bank (pnb),14.569485325366555,121.02525923565398
468,4da5b6980437667c9b31caa9,union bank,14.576559641307531,121.03743877262751
469,4da860174df0af29b70bdbca,ps bank,14.576526843120078,121.03744563714442
470,4eb12213823176856242d2f4,bpi family savings bank,14.57652023756061,121.03750471946479
471,513001f2e4b04f772e37af3e,bank of commerce,14.562,121.027743
472,4fe89450e4b0756d13aa8a0b,bank of the philippine islands,14.569154826430124,121.02206179171002
473,4c5241bc2d51952162b43b90,china bank,14.581149388520265,121.03852408351776
474,4ee59ffdaa1fd7f755822966,the real bank makati ave,14.566636604714091,121.03038280901178
475,4c2a9035b5fbb713cf6049df,bpi family savings bank,14.566354555058634,121.03022796353865
476,540d271a498ee75cf35474e7,security bank,14.565459112598758,121.028640756241
477,563c5c45cd10d28860914bb4,asia united bank,14.575224186746597,121.04204022744149
478,4f38af45e4b0d26ba24e5752,citystate savings bank,14.58951942387346,121.02315374793523
479,50909cace4b0b1416ee9be30,bank of the philippine islands (bpi),14.564152989381455,121.01611292589482
480,5145bfd1e4b0cec0808519d4,philippine national bank,14.589673136499606,121.03523740403769
481,51ea3839498ea48fff8869f3,bank of the philippine islands,14.565273008930752,121.03715529057477
482,54979cf1498ebb1019e884c3,security bank,14.589285498652423,121.03712431615597
483,4efbf09b0aafc58694856d97,robinsons bank,14.561836617990421,121.02616077634983
484,4e55d2601fc7aa31e3caeb45,bank of the philippine islands,14.581752391400018,121.01304930200102
485,51f8c77b498eab465652bd0b,bpi family savings bank,14.561379,121.024881
486,4fb3abdae4b034ff673e4577,bpi family savings bank,14.561569378179557,121.02402170609673
487,508f914fe4b09fc3202b51d0,eastwest bank,14.56152,121.024156
488,4d87fd13f607a0931ebfce86,eastwest bank,14.56186610373633,121.02299135507027
489,4f573017e4b0be1ce2e8ec22,bank of commerce,14.561004554912998,121.0243520885318
490,539e98ff498e0d932e884ef2,philippine national bank,14.560541,121.030951
491,4ba0a313f964a5204b7537e3,development bank of the philippines,14.560376369864915,121.02833839353121
492,515244a7e4b0cffe89aca1d7,union bank,14.561296013582458,121.02084662881758
493,5292bef1498e55c3c22d0b47,security bank,14.559761938011588,121.03156987912571
495,4d5db891b36d5481a36f82b6,bank of the philippine islands (bpi),14.559892623850036,121.02345814421246
496,56da515f498ea0337bfa0b7a,china bank savings jp rizal,14.567779953193368,121.02888775597994
497,51749b60e4b01abc42ece252,china bank sm supercenter,14.591008860535194,121.03229779370213
498,4ff3f2cde4b036acf9792269,ps bank shaw kalentong,14.593362430294365,121.02779025207874
499,550b766e498e2cba782685b9,security bank savings - pasong tamo,14.570343,121.012086
501,4ef96c6ce300930671d2c740,union bank,14.557125556090817,121.02105617523193
502,4cb29eebeb65b1f7df007ecd,bpi family savings bank,14.555556712835536,121.02051867831796
503,512c062ee4b0a4ac47a889f3,bank of commerce,14.554935,121.019798
504,4e54daff6284ed0e1c19ea34,deutsche bank ag,14.556544028148998,121.02339506149292
505,4c46a488972c0f47d7602121,bank of the philippine islands (bpi) head office,14.556857993461193,121.0208172295448
506,4d5b6bb0b9f6a1cde5f12541,bank of the philippine islands,14.556081042553911,121.0208577238162
507,4c85a60847cc224b0349a39f,philippine national bank (pnb),14.55710701200513,121.02032584097854
508,5045499fe4b0e4fd7f86498e,land bank of the philippines,14.556871648888581,121.02174260264104
509,4c8d983bc37a6dcbb37e017b,china bank savings head office,14.556639823973002,121.01992743321061
510,505b1883e4b016e61b112ec3,bank of the philippine islands,14.556818414524331,121.0220558832228
511,4ff11ce3e4b0cb1358c7563c,philtrust bank,14.556612235094208,121.0221681878789
512,4cee77164cd4236af7e3ad63,bank of the philippine islands,14.557430421076644,121.02009624562676
513,52202cd211d287f11c5846df,eastwest bank,14.556258120246625,121.02231378248446
514,4f21089ee4b0e479d3a0f591,bpi family savings bank,14.555268903525965,121.02018703170253
515,500e1b6de4b0234576f105cd,bank of the philippine islands,14.557592332303082,121.01948025594172
516,4c8f6e640f8fbfb7df2e4bd4,bank of america,14.558143773532555,121.02165860537741
517,4e3921cfb0fb2f7ee8638faa,bank of the philippine islands (bpi),14.555853881638559,121.02276736455343
518,5f433c27a623263d6307e777,ps bank,14.55743,121.022643
519,4d0fa90eb765224bfa08e632,eastwest bank,14.558173915270691,121.0191834597904
520,4d26c9a3467d6ea87a05b795,eastwest bank,14.555472678671043,121.0231733470345
521,4dd07f2efa7664b7c6daeb71,sterling bank of asia- ayala makati branch,14.558409148656716,121.01902666152934
522,4c072f39b4aa0f470e586562,allied bank center,14.555074624824265,121.02330923080444
523,51ecdb87498e194364ceab9f,eastwest bank,14.554401,121.022768
524,5452bed3498ef95447eaad6f,philippine national bank head office,14.554370703765434,121.02286256057386
525,589cfa103ef0f60d682371b2,philippine national bank,14.559433,121.02105
526,4c7ddfff5af8b60ceb079110,union bank,14.558163995031798,121.01839542388916
527,4d805f92577eb1f71952a7d3,asia united bank,14.556493405288025,121.01758186797656
528,4fdebedce4b044d93c21bd34,security bank,14.556213135373289,121.01746986775485
530,4cb552e955af224b3fd7917e,standard chartered bank - head office,14.559009319059893,121.01782640140782
532,515a2cf8e4b03409a94de5c8,security bank savings,14.557066402129687,121.02248177604196
533,4eb3a7ea6c2590eb8742d287,"eastwest bank, sdtt",14.554836510788002,121.02002904690467
534,5a38b97ea92d983fea43caf9,china bank savings - rada st.,14.555995,121.018458
535,50b4981ce4b02eea5dd4e6f4,security bank savings-head office,14.558335089295012,121.01885066322299
536,54978702498ee220d926e576,security bank - salcedo,14.55951,121.021346
537,4ea64dfc8b814c68acd93e9f,philippine national bank salcedo,14.555506660199402,121.01732986733171
538,56317708498e035e59610692,china bank - salcedo st.,14.556818,121.015722
539,4dc8797b1f6e936efe44f2fe,ps bank salcedo,14.557211356858419,121.01542024536617
540,4e5f0f28d22d7239c1ab8231,union bank salcedo,14.557737773733558,121.01531905034487
541,542bbceb498e2651ca2f5bba,china bank savings chino roces,14.556029,121.01356
544,4fb76b20e4b0e951f0bafcb5,security bank savings,14.539413037092109,121.01512343924288
548,528ec966498e5ef8fa16bc40,bank of the philippine islands,14.553281068842038,121.0251976394601
560,4d05d9cb54d0236afc5ef6d5,bank of the philippine islands,14.55967536800187,121.02424569428696
629,4d9aa1a1a7b08eec47e46de9,security bank,14.550306440831816,121.05685186271909
630,50cda90fe4b082175b842105,robinsons bank-market market,14.548344266577379,121.06192018684594
631,4e1cf4096365382039aa92c6,bank of the philippine islands,14.549387092451449,121.06390184453129
632,4ed773f09adf06cbf69cefa3,philippine veterans bank (pvb),14.550131,121.056893
633,59896d2b01235832351e9ed2,china bank,14.552952,121.05327
634,51511cbbe4b01fdc600ef472,security bank,14.553178787231445,121.0516128540039
635,5273505c11d29d3548a36917,security bank,14.553379432788839,121.05141601685051
636,4da6031bf7b192b486641f12,security bank,14.553304469344368,121.04617772402226
637,4db1655efa8ca4b3e9f5b24f,standard chartered bank,14.551461710893511,121.04978755518248
638,57d28207498eb7b159e60b61,eastwest bank,14.553773,121.049644
639,590059a76bd36b70914c2663,security bank - the grand hamptons,14.554559,121.044305
640,5302bd1a498e4172afa46bf7,eastwest bank,14.552865580250595,121.04853474582308
641,52d61568498efb3bf2406728,bank of the philippine islands (bpi),14.553392822193373,121.0484765421978
642,4f7d57a8e4b0fe0941277af2,security bank,14.5555052683796,121.04839378779972
643,4e3f5926d4c058f9dc1ee10d,bank of the philippine islands,14.548402476060962,121.0469341278076
644,4d7d9c91564b8cfa6473e264,philippine national bank,14.550895141806341,121.04642863871958
645,5023414ee4b0e5018833673e,china bank,14.549069210748309,121.0462561055361
646,4d7d9ba09df3f04d885ab694,eastwest bank,14.549363245331715,121.04604895428167
647,4d40eabbadb6236a45028d40,bank of america,14.554101708792892,121.04584180267106
648,51f8a2db498ecf9151e742df,philippine business bank,14.551956,121.045309
649,4fff7354e4b02126b74df789,eastwest bank,14.546527312139995,121.04557306491571
650,501f482be4b0bd21f02e6f84,bpi family savings bank,14.554231366742941,121.0455114790957
651,4f36a452c2ee097395fbf9ce,eastwest bank,14.547156293630245,121.04512095451355
652,51cbd591498ed4027c45d205,union bank,14.55363391638882,121.0446965597112
653,53a0ece3498e5633ec8f5a29,eastwest bank,14.552507158937821,121.04433804912344
654,4e559c6bb61cf9ba5f742006,sterling bank of asia,14.553824806881403,121.04393823065571
655,4d0b00229a443704dc2ab767,bank of commerce,14.553758601721794,121.04376466818182
656,50bdb209e4b0917f4a411e3c,eastwest bank,14.534488936594238,121.05197456455632
657,4f99fbafe4b0dee1e8e3c778,robinsonsbank,14.550728664444438,121.0559570789337
658,4ebb3561cc2178857e617435,macro bank pateros,14.550214785637227,121.06362754922836
659,4f482069e4b0e132297fc198,country bank san joaqin,14.552056443408347,121.07414548621628
660,527849c7498ea5bc4faec5ea,country bank san joaquin pasig city,14.552037,121.074149
661,4ecc473e0e01bd353a03debc,chinabank savings,14.551147707029832,121.0754888498556
662,53db2534498e78a7d7a57a1c,china bank savings,14.534480120908352,121.05251526460219
681,4fc58e43e4b0c52bfc25c5ba,insular life bank,14.554498011897797,121.04309094478754
689,591977e718d43b22a413d6f6,unionbank,14.551061,121.045772
690,4f879daee4b09582a0ab8433,philippine national bank,14.563972421010979,121.04466163380172
691,4cdb9723d4ecb1f789b97a48,bpi family savings bank,14.563995925791877,121.04466671302721
692,4ff3c0dde4b08a4c712155af,citystate savings bank,14.564010968963272,121.0448452304847
694,518cc303498e15d6af616f84,bank of commerce,14.51837070519644,121.01968745282271
695,55bc8b26498e81a73cf980fe,bank of commerce,14.520714605996508,121.01427221763925
696,4d05c53254d0236aad0af6d5,bank of the philippine islands,14.536656775666524,121.01852812208236
697,4d7ebb12cd09224b1ad44f30,eastwest bank,14.53358,121.01948
698,4f4d9599e4b081be1d767358,bank of the philippine islands,14.534406222716699,121.02122741850461
699,52d5fcf611d2ee24f3923762,china bank,14.536932765659195,121.0209754254637
700,4dd1f25b227159fef24084e6,bank of commerce,14.5382581,121.0199739
701,4fd1596ee4b06145df37bb5b,bank of commerce,14.538306,121.017431
702,4d7eba763e50b1f770a6d0d3,eastwest bank,14.539660094702796,121.01849893252066
703,4d476957ea3f3704161e1f0a,eastwest bank,14.539676001972131,121.01851213078271
704,4f7a50ace4b0e4c44893494c,eastwest bank sucat branch,14.526445388793945,121.01885223388672
705,4feaac06e4b0c8df108b877f,union bank,14.51936629250734,121.01811386761209
706,4fd43b13e4b0f4325cf57341,ps bank atm,14.519094,121.018384
707,52ae6f1311d2664396f816ae,philippine national bank (pnb),14.517197335985138,121.02059463498229
708,5010c8bde4b0b186e34ff9d4,philippine national bank,14.520923,121.013852
709,4f67dca7e4b05e2264d5837c,eastwest bank betterliving,14.519945713368323,121.01398100887242
710,4d8326e1f9f3a1cd87409a64,land bank atm @ naia terminal 3,14.520743,121.013207
711,508e10b3498eb2451d3135be,bank of commerce,14.533292,121.022954
712,4f138de0e4b06c588cb881be,bank of the philippine islands,14.521013498454483,121.01183612269037
713,537ae22c498e0a58c09ac51d,ps bank pasong tamo ext,14.533811,121.021782
714,50b816d7e4b0fa375a5ecd8f,union bank pasong tamo,14.534746591236633,121.02190499718506
715,592d05c904d1ae4b86d4b6e9,rcbc savings bank,14.537205,121.020727
716,4f178d93e4b0bb143e37c22d,one network bank,14.537735107638856,121.02021944318686
717,4c205dde82109c743d4bd459,bank of the philippine islands (bpi),14.53802245666825,121.02001011389166
718,509719e6e4b0c441579c948b,bank of the philippine islands,14.538073590445865,121.0200458465887
719,4e351f777d8b0c62b2d12c0a,security bank,14.538099914848978,121.0199002492495
720,4ee7ed819adfd1b4c2a524d9,eastwest bank - magallanes,14.53543108456751,121.03114992641092
721,5087b00ae4b07ff979fc0ca8,union bank magallanes,14.538960456009221,121.01736346744804
722,4fab3250e4b0d35ca45b1fed,eastwest bank magallanes,14.539668446294131,121.01818666738002
723,4f4af618e4b0605e452d25e8,china savings bank,14.534468301130465,121.034313534223
726,4d4228c7b0c35481da5eddf1,eastwest bank,14.484356644077657,121.02988446005915
727,4f541b8de4b006151679085e,philippine national bank,14.483150737399757,121.03777381023257
728,4f0a9797e4b05dd3a550ba5f,philippine veterans bank (pvb),14.468963283423905,121.01115288724726
729,4e6d7fbeb9932d7f638a6e10,bpi family savings bank,14.484039242768707,121.02772305763814
730,52dcea80498e021a95b2d80b,bpi family savings bank,14.470675970340324,121.01987224974106
731,5b0b6b5f22d490002b039772,philippine business bank doÃ±a soledad,14.484973,121.029012
732,54ddc736498e57d0482e64da,bank of the philippine islands (bpi) - bicutan branch,14.486015142941708,121.02812622372065
733,4f546f1ae4b023846090fb5c,security bank,14.483850536198897,121.03763943243479
734,50c67bfee4b0b612ce448669,east west bank doÃ±a soledad,14.485540710201693,121.03017003105904
735,4fa226d9e4b0b2264fef62ef,philtrust bank,14.4652798,121.0194448
736,503f0e6ce4b05737f46047cd,security bank - hv de la costa,14.476215699505374,121.01458022614845
737,533e5491498eeda272cc48dc,bank of the philippine islands,14.483440788664414,121.03384319778084
738,4f9f9554e4b09382e6d9f6d6,philippine national bank,14.48332612035527,121.03427433958952
739,56dcd04dcd108c3b22c919e6,china bank savings bls,14.483350135735847,121.03425754188557
740,587c3a9fdebdf66d8dcccdae,bpi family savings bank,14.467795,121.013805
741,52959b95498ed161f6415db0,asia united bank better living paraÃ±aque,14.480442733381425,121.03673797750274
742,5886f1cd0162175d45d53eca,china bank,14.466281,121.02043
743,5159198de4b0a71b11742631,philippine business bank - sucat,14.46565,121.020598
744,521578d711d2c1b66ebc2d2b,robinsons bank,14.482490558807442,121.03693485260008
745,50cabe3be4b0d07016f5c03a,bank of commerce,14.465300262634825,121.01966505317702
746,4dc78c6718387d1bd5726838,unionbank,14.471286,121.00788
747,4c9c173b5d12199c1ba74aca,union bank,14.46539138744134,121.01908206939697
748,516a78b8e4b085f7d0f337d9,bpi family savings bank,14.483297359218056,121.03755187971446
749,5108e29de4b0d2e64bdd08aa,bpi family bank,14.483383634441003,121.03754984715306
750,50f76ccae4b03547f619355d,eastwest bank,14.466382337974201,121.01660186251678
751,51ae9c4b498e0e2da72a2d68,ps bank bicutan,14.484012147731677,121.03795857945998
752,4de5dc85fa764cf4bed1f385,bank of commerce,14.48428506646689,121.0378521972121
753,515cd4f5e4b0422ac707839d,bank of commerce bicutan,14.484354,121.03789
754,4db78f950cb6cc307a62ab11,rcbc savings bank,14.490256,121.031044
755,5165f8bde4b01b8e6191444b,china bank better living subd,14.485429136228326,121.01288336952288
756,50f3a606e4b038ac877ef65c,unionbank sucat-jaka,14.470275712478488,121.01911626056058
759,4dbb9603a86e0e98a1cedc59,philippine national bank - sucat branch,14.462829667206053,121.01848346597994
760,52244417498ee3e3a8a0430f,security bank savings,14.470616340637207,121.00926208496094
761,4d34f4f9eefa8cfab22150b3,"rcbc savings bank, sucat",14.488086,121.010998
762,4ef130502c5b31044583260f,robinsons bank,14.44821230796849,120.99404274163167
763,4e957ad60aaf41f3917ed9f4,bpi family savings bank,14.441530714058027,120.99131210062514
764,4fc5ade9e4b035dd64f5c241,bpi family savings bank,14.456337532875407,121.00743342635641
765,526686ff11d24dd7190f796a,philippine national bank (pnb),14.43372716877199,121.01073286354233
766,51500939e4b0ac5219471dc8,bank of the philippine islands,14.456464390092416,120.99455804156217
767,4cc6a7c7806246883dfe422f,bpi family savings bank,14.433303331537362,121.01268176121205
768,4f2a1c29e4b0a328b721be4b,asia united bank las pinas,14.443952,120.994602
769,50d26994e4b0e638ba405468,bpi family savings bank,14.437517785480003,121.00572046809529
770,5a601f0f7dc9e1335742e36c,security bank,14.442467,120.991659
771,4d4d3f8bb1fa236a572d8c29,bank of the philippine islands,14.433217264644615,121.0094127350865
772,502b18c1e4b09e03992bee84,rcbc bank las pinas city,14.435574775774526,121.00836390252994
773,515a8476e4b074b497bcd1c2,rcbc commercial bank,14.435732662858118,121.00897994886519
774,4dbdf8d06a23e294ba52b13f,planters bank,14.435778971270642,121.00908547639847
775,51526b6ce4b0ed45a61d6963,ps bank,14.439358773211431,120.99132057736666
776,56d51c16cd10233f0a2c05ce,asia united bank,14.455441,121.01179
777,57ce31d8498ea02d5407917e,robinsons bank,14.448182,120.98429
778,50c9087fe4b0660c7a4b0912,eastwest bank,14.437823,120.990871
779,4f9f9b79e4b0d2f1092d7501,east west bank,14.437812871490298,120.99085395139765
780,4fbf3d42e4b0cd44128ded3e,philippine national bank,14.45721493907906,120.99141579813656
781,5694ac6538fa877d77714726,china bank savings,14.459582,120.994726
782,56af043e498eb9680e3cba40,east west bank,14.430927266563474,121.00366504589896
783,509b72c9e4b077a116da2093,china bank southmall,14.433360739532358,121.0112928948247
784,5d9194f50190cd00087c35ad,security bank,14.451395,121.018282
785,50da4010e4b06bd2fcd9c25c,eastwest bank las piÃ±as-almanza branch,14.43209374585248,121.01091207383487
786,524b880b498edec067f3df40,ps bank almanza,14.433239,121.012826
787,51afdd22498e5eff215f7aef,bank of the philippine islands (bpi),14.433266913334243,121.01290483703461
788,50e3d480e4b03fab05c6d5c2,philippine national bank las piÃ±as city,14.447982628194602,120.98455971149166
789,50528e2de4b021c8a6d00392,philtrust bank,14.432352808846778,121.01352453231812
790,51c3f3cb498e03742d628e71,asia united bank,14.448625471291555,120.98380350172454
791,4f179832e4b037c54fb617b2,landbank,14.435573587753133,121.00941926883554
794,515cd8aee4b0944d84ac88b2,eastwest bank,14.413453415941236,121.03617246506838
795,51f3fc1b498e37a1bcc4447f,standard chartered bank - molito,14.405207,121.032032
796,50ac4930e4b0dc61eb4d98b9,ps bank,14.395502776584726,121.0448900204228
797,4fe55019e4b0176e68fd1054,bpi family savings bank,14.397128493869102,121.04507930920899
798,5b9f5b2a12138400396ee55d,philippine veterans bank,14.394502,121.044075
799,5991111d6cf01a219e7c2b76,china bank - commerce center alabang,14.418438,121.034315
800,5625a7e2498ea5e87b53672a,unionbank,14.403411,121.016761
808,502e0138e4b07f4739158b0b,union bank,14.61025839780185,121.07949645039929
809,4d9309d5b189721eafd92d2a,security bank,14.609541573859891,121.07945168503433
810,4d54798ecc65a143ed73425e,robinsons bank,14.607991297592774,121.07994719484122
811,53db2010498e33be78090bef,eastwest bank,14.608811,121.077282
812,4d05d76ec2e537045472c067,bpi family savings bank,14.609042742573651,121.08018100610921
813,51513c4de4b0ee7a9fcbce80,eastwest bank,14.610788518275358,121.08030656507923
814,4fe8133ee4b0b901b0adc3dd,china bank,14.611027717590332,121.08037567138672
815,52ce2c7e11d27f0374dae618,eastwest bank,14.60800838624617,121.07874644427352
816,51624f57e4b036459221b575,anz bank,14.60797570707759,121.07843859978531
817,4f1e26c3e4b03ae364f92435,eastwest bank,14.608776884356638,121.07719601946431
818,53312bea11d2ef06786b45b2,philippine national bank (pnb),14.606815166682354,121.0791326480605
819,5387e1b9498ea2dd8e2a869f,security bank,14.610146628745849,121.07595342628395
820,4ff43e11e4b033b23a3c8d22,robinsons bank,14.611967174397789,121.0757239369476
821,516bee8de4b08b60e6ef0f75,union bank atm,14.613355610776626,121.07544407130972
822,564e7a2a498e1568db130ab8,security bank,14.603625267576229,121.07919421666531
823,4cdb892a3f6a8cfaf2f3ebea,bank of the philippine islands (bpi),14.603455329462259,121.07912626987398
826,52feb514498ebcbf0743ec33,security bank,14.610977495998059,121.07081499906542
827,51e4b7ba498e4dc1bc14baeb,bpi family savings bank,14.610981,121.070727
828,52086e6e11d218f818b61c6b,security bank,14.611003,121.070599
829,50fe4aa6e4b05d913c51bd87,asia united bank,14.61323829407334,121.07043436608359
830,4def1a64887754a6af8b30a2,bank of the philippine islands (bpi),14.61570605952755,121.07029276220355
832,5b5fe0b70457b7002c9c4e39,unionbank,14.608802,121.07758
835,4dad411d4b2271d46ba243a7,unionbank,14.610469872215097,121.07916942929526
836,4e69ce4db993d5439ee76b2f,bank of the philippine islands,14.608412147976754,121.07944608790173
841,4f6a7d4ee4b01cb02d9ffa42,philippine national bank (pnb),14.656361441649773,121.07484515665341
845,4dc8a27fd164033c572f27c6,philippine national bank (pnb),14.659881301912352,121.07033640146254
851,4d6f45a89aac224bfbda2aed,bank of the philippine islands (bpi),14.664775823373855,121.08287702350573
852,509b48e9e4b05398f206f444,eastwest bank,14.666956384191575,121.0737760585813
853,51ca6dae498ec68218e89b4b,eastwest bank,14.652229358012345,121.07420705737829
854,4fb32046e4b02e02f40e48a2,bank of commerce (petron-katipunan),14.646558173961353,121.07479478051812
856,57550bab498e603bcf08775b,philippine national bank,14.643884,121.074464
857,4b568e44f964a520101528e3,land bank of the philippines,14.653191677052481,121.0683912419728
858,4c7e004d10916dcb11212b96,bank of the philippine islands (bpi),14.642712876655555,121.07148619733795
860,4e9ac391be7bc875aa9caec9,robinsons bank,14.641532939328815,121.08026326649653
864,50fceb96e4b0ba414b856aa3,bank of the philippine islands,14.637701208168572,121.06817853116486
866,5322edb7498ecdae9032b76d,bank of commerce,14.66459127168083,121.07825948990171
